filename,label
fake/fake_00001.jpg,fake
fake/fake_00002.png,fake
fake/fake_00003.png,fake
fake/fake_00004.png,fake
fake/fake_00005.png,fake
fake/fake_00006.png,fake
fake/fake_00007.png,fake
fake/fake_00008.png,fake
fake/fake_00009.png,fake
fake/fake_00010.png,fake
fake/fake_00011.png,fake
fake/fake_00012.png,fake
fake/fake_00013.png,fake
fake/fake_00014.png,fake
fake/fake_00015.png,fake
fake/fake_00016.png,fake
fake/fake_00017.png,fake
fake/fake_00018.png,fake
fake/fake_00019.png,fake
fake/fake_00020.png,fake
fake/fake_00021.png,fake
fake/fake_00022.png,fake
fake/fake_00023.png,fake
fake/fake_00024.png,fake
fake/fake_00025.png,fake
fake/fake_00026.png,fake
fake/fake_00027.png,fake
fake/fake_00028.png,fake
fake/fake_00029.png,fake
fake/fake_00030.png,fake
fake/fake_00031.png,fake
fake/fake_00032.png,fake
fake/fake_00033.png,fake
fake/fake_00034.png,fake
fake/fake_00035.png,fake
fake/fake_00036.png,fake
fake/fake_00037.png,fake
fake/fake_00038.png,fake
fake/fake_00039.png,fake
fake/fake_00040.png,fake
fake/fake_00041.png,fake
fake/fake_00042.png,fake
fake/fake_00043.png,fake
fake/fake_00044.png,fake
fake/fake_00045.jpg,fake
fake/fake_00046.png,fake
fake/fake_00047.png,fake
fake/fake_00048.png,fake
fake/fake_00049.png,fake
fake/fake_00050.png,fake
fake/fake_00051.png,fake
fake/fake_00052.png,fake
fake/fake_00053.png,fake
fake/fake_00054.png,fake
fake/fake_00055.png,fake
fake/fake_00056.png,fake
fake/fake_00057.png,fake
fake/fake_00058.png,fake
fake/fake_00059.png,fake
fake/fake_00060.png,fake
fake/fake_00061.png,fake
fake/fake_00062.png,fake
fake/fake_00063.png,fake
fake/fake_00064.png,fake
fake/fake_00065.png,fake
fake/fake_00066.png,fake
fake/fake_00067.png,fake
fake/fake_00068.png,fake
fake/fake_00069.png,fake
fake/fake_00070.png,fake
fake/fake_00071.png,fake
fake/fake_00072.png,fake
fake/fake_00073.png,fake
fake/fake_00074.png,fake
fake/fake_00075.png,fake
fake/fake_00076.png,fake
fake/fake_00077.png,fake
fake/fake_00078.png,fake
fake/fake_00079.png,fake
fake/fake_00080.png,fake
fake/fake_00081.png,fake
fake/fake_00082.png,fake
fake/fake_00083.png,fake
fake/fake_00084.png,fake
fake/fake_00085.png,fake
fake/fake_00086.png,fake
fake/fake_00087.png,fake
fake/fake_00088.png,fake
fake/fake_00089.png,fake
fake/fake_00090.png,fake
fake/fake_00091.png,fake
fake/fake_00092.png,fake
fake/fake_00093.png,fake
fake/fake_00094.png,fake
fake/fake_00095.png,fake
fake/fake_00096.png,fake
fake/fake_00097.png,fake
fake/fake_00098.png,fake
fake/fake_00099.png,fake
fake/fake_00100.png,fake
fake/fake_00101.png,fake
fake/fake_00102.png,fake
fake/fake_00103.png,fake
fake/fake_00104.png,fake
fake/fake_00105.png,fake
fake/fake_00106.png,fake
fake/fake_00107.png,fake
fake/fake_00108.png,fake
fake/fake_00109.png,fake
fake/fake_00110.png,fake
fake/fake_00111.png,fake
fake/fake_00112.png,fake
fake/fake_00113.png,fake
fake/fake_00114.png,fake
fake/fake_00115.png,fake
fake/fake_00116.png,fake
fake/fake_00117.png,fake
fake/fake_00118.png,fake
fake/fake_00119.png,fake
fake/fake_00120.png,fake
fake/fake_00121.png,fake
fake/fake_00122.png,fake
fake/fake_00123.png,fake
fake/fake_00124.png,fake
fake/fake_00125.png,fake
fake/fake_00126.png,fake
fake/fake_00127.png,fake
fake/fake_00128.png,fake
fake/fake_00129.png,fake
fake/fake_00130.png,fake
fake/fake_00131.png,fake
fake/fake_00132.png,fake
fake/fake_00133.png,fake
fake/fake_00134.png,fake
fake/fake_00135.png,fake
fake/fake_00136.png,fake
fake/fake_00137.png,fake
fake/fake_00138.png,fake
fake/fake_00139.png,fake
fake/fake_00140.png,fake
fake/fake_00141.png,fake
fake/fake_00142.png,fake
fake/fake_00143.png,fake
fake/fake_00144.png,fake
fake/fake_00145.png,fake
fake/fake_00146.png,fake
fake/fake_00147.png,fake
fake/fake_00148.png,fake
fake/fake_00149.png,fake
fake/fake_00150.png,fake
fake/fake_00151.png,fake
fake/fake_00152.png,fake
fake/fake_00153.png,fake
fake/fake_00154.png,fake
fake/fake_00155.png,fake
fake/fake_00156.png,fake
fake/fake_00157.png,fake
fake/fake_00158.png,fake
fake/fake_00159.png,fake
fake/fake_00160.png,fake
fake/fake_00161.png,fake
fake/fake_00162.png,fake
fake/fake_00163.png,fake
fake/fake_00164.png,fake
fake/fake_00165.png,fake
fake/fake_00166.png,fake
fake/fake_00167.png,fake
fake/fake_00168.png,fake
fake/fake_00169.png,fake
fake/fake_00170.png,fake
fake/fake_00171.png,fake
fake/fake_00172.png,fake
fake/fake_00173.png,fake
fake/fake_00174.png,fake
fake/fake_00175.png,fake
fake/fake_00176.png,fake
fake/fake_00177.png,fake
fake/fake_00178.png,fake
fake/fake_00179.png,fake
fake/fake_00180.png,fake
fake/fake_00181.png,fake
fake/fake_00182.png,fake
fake/fake_00183.png,fake
fake/fake_00184.png,fake
fake/fake_00185.png,fake
fake/fake_00186.png,fake
fake/fake_00187.png,fake
fake/fake_00188.png,fake
fake/fake_00189.png,fake
fake/fake_00190.png,fake
fake/fake_00191.png,fake
fake/fake_00192.png,fake
fake/fake_00193.png,fake
fake/fake_00194.png,fake
fake/fake_00195.png,fake
fake/fake_00196.png,fake
fake/fake_00197.png,fake
fake/fake_00198.png,fake
fake/fake_00199.png,fake
fake/fake_00200.png,fake
fake/fake_00201.png,fake
fake/fake_00202.png,fake
fake/fake_00203.png,fake
fake/fake_00204.png,fake
fake/fake_00205.png,fake
fake/fake_00206.png,fake
fake/fake_00207.png,fake
fake/fake_00208.png,fake
fake/fake_00209.png,fake
fake/fake_00210.png,fake
fake/fake_00211.png,fake
fake/fake_00212.png,fake
fake/fake_00213.png,fake
fake/fake_00214.png,fake
fake/fake_00215.png,fake
fake/fake_00216.png,fake
fake/fake_00217.png,fake
fake/fake_00218.png,fake
fake/fake_00219.png,fake
fake/fake_00220.png,fake
fake/fake_00221.png,fake
fake/fake_00222.png,fake
fake/fake_00223.png,fake
fake/fake_00224.png,fake
fake/fake_00225.png,fake
fake/fake_00226.png,fake
fake/fake_00227.png,fake
fake/fake_00228.png,fake
fake/fake_00229.png,fake
fake/fake_00230.png,fake
fake/fake_00231.png,fake
fake/fake_00232.png,fake
fake/fake_00233.png,fake
fake/fake_00234.png,fake
fake/fake_00235.png,fake
fake/fake_00236.png,fake
fake/fake_00237.png,fake
fake/fake_00238.png,fake
fake/fake_00239.png,fake
fake/fake_00240.png,fake
fake/fake_00241.png,fake
fake/fake_00242.png,fake
fake/fake_00243.png,fake
fake/fake_00244.png,fake
fake/fake_00245.png,fake
fake/fake_00246.png,fake
fake/fake_00247.png,fake
fake/fake_00248.png,fake
fake/fake_00249.png,fake
fake/fake_00250.png,fake
fake/fake_00251.png,fake
fake/fake_00252.png,fake
fake/fake_00253.png,fake
fake/fake_00254.png,fake
fake/fake_00255.png,fake
fake/fake_00256.png,fake
fake/fake_00257.png,fake
fake/fake_00258.png,fake
fake/fake_00259.png,fake
fake/fake_00260.png,fake
fake/fake_00261.png,fake
fake/fake_00262.png,fake
fake/fake_00263.png,fake
fake/fake_00264.png,fake
fake/fake_00265.png,fake
fake/fake_00266.png,fake
fake/fake_00267.png,fake
fake/fake_00268.png,fake
fake/fake_00269.png,fake
fake/fake_00270.png,fake
fake/fake_00271.png,fake
fake/fake_00272.png,fake
fake/fake_00273.png,fake
fake/fake_00274.png,fake
fake/fake_00275.png,fake
fake/fake_00276.png,fake
fake/fake_00277.png,fake
fake/fake_00278.png,fake
fake/fake_00279.png,fake
fake/fake_00280.png,fake
fake/fake_00281.png,fake
fake/fake_00282.png,fake
fake/fake_00283.png,fake
fake/fake_00284.png,fake
fake/fake_00285.png,fake
fake/fake_00286.png,fake
fake/fake_00287.png,fake
fake/fake_00288.png,fake
fake/fake_00289.png,fake
fake/fake_00290.png,fake
fake/fake_00291.png,fake
fake/fake_00292.png,fake
fake/fake_00293.png,fake
fake/fake_00294.png,fake
fake/fake_00295.png,fake
fake/fake_00296.png,fake
fake/fake_00297.png,fake
fake/fake_00298.png,fake
fake/fake_00299.png,fake
fake/fake_00300.png,fake
fake/fake_00301.png,fake
fake/fake_00302.png,fake
fake/fake_00303.png,fake
fake/fake_00304.png,fake
fake/fake_00305.png,fake
fake/fake_00306.png,fake
fake/fake_00307.png,fake
fake/fake_00308.png,fake
fake/fake_00309.png,fake
fake/fake_00310.png,fake
fake/fake_00311.png,fake
fake/fake_00312.png,fake
fake/fake_00313.png,fake
fake/fake_00314.png,fake
fake/fake_00315.png,fake
fake/fake_00316.png,fake
fake/fake_00317.png,fake
fake/fake_00318.png,fake
fake/fake_00319.png,fake
fake/fake_00320.png,fake
fake/fake_00321.png,fake
fake/fake_00322.png,fake
fake/fake_00323.png,fake
fake/fake_00324.png,fake
fake/fake_00325.png,fake
fake/fake_00326.png,fake
fake/fake_00327.png,fake
fake/fake_00328.png,fake
fake/fake_00329.png,fake
fake/fake_00330.png,fake
fake/fake_00331.png,fake
fake/fake_00332.png,fake
fake/fake_00333.png,fake
fake/fake_00334.png,fake
fake/fake_00335.png,fake
fake/fake_00336.png,fake
fake/fake_00337.png,fake
fake/fake_00338.png,fake
fake/fake_00339.png,fake
fake/fake_00340.png,fake
fake/fake_00341.png,fake
fake/fake_00342.png,fake
fake/fake_00343.png,fake
fake/fake_00344.png,fake
fake/fake_00345.png,fake
fake/fake_00346.png,fake
fake/fake_00347.png,fake
fake/fake_00348.png,fake
fake/fake_00349.png,fake
fake/fake_00350.png,fake
fake/fake_00351.png,fake
fake/fake_00352.png,fake
fake/fake_00353.png,fake
fake/fake_00354.png,fake
fake/fake_00355.png,fake
fake/fake_00356.png,fake
fake/fake_00357.png,fake
fake/fake_00358.png,fake
fake/fake_00359.png,fake
fake/fake_00360.png,fake
fake/fake_00361.png,fake
fake/fake_00362.png,fake
fake/fake_00363.png,fake
fake/fake_00364.png,fake
fake/fake_00365.png,fake
fake/fake_00366.png,fake
fake/fake_00367.png,fake
fake/fake_00368.png,fake
fake/fake_00369.png,fake
fake/fake_00370.png,fake
fake/fake_00371.png,fake
fake/fake_00372.png,fake
fake/fake_00373.png,fake
fake/fake_00374.png,fake
fake/fake_00375.png,fake
fake/fake_00376.png,fake
fake/fake_00377.png,fake
fake/fake_00378.png,fake
fake/fake_00379.png,fake
fake/fake_00380.png,fake
fake/fake_00381.png,fake
fake/fake_00382.png,fake
fake/fake_00383.png,fake
fake/fake_00384.png,fake
fake/fake_00385.png,fake
fake/fake_00386.png,fake
fake/fake_00387.png,fake
fake/fake_00388.png,fake
fake/fake_00389.png,fake
fake/fake_00390.png,fake
fake/fake_00391.png,fake
fake/fake_00392.png,fake
fake/fake_00393.png,fake
fake/fake_00394.png,fake
fake/fake_00395.png,fake
fake/fake_00396.png,fake
fake/fake_00397.png,fake
fake/fake_00398.png,fake
fake/fake_00399.png,fake
fake/fake_00400.png,fake
fake/fake_00401.png,fake
fake/fake_00402.png,fake
fake/fake_00403.png,fake
fake/fake_00404.png,fake
fake/fake_00405.png,fake
fake/fake_00406.png,fake
fake/fake_00407.png,fake
fake/fake_00408.png,fake
fake/fake_00409.png,fake
fake/fake_00410.png,fake
fake/fake_00411.png,fake
fake/fake_00412.png,fake
fake/fake_00413.png,fake
fake/fake_00414.png,fake
fake/fake_00415.png,fake
fake/fake_00416.png,fake
fake/fake_00417.png,fake
fake/fake_00418.png,fake
fake/fake_00419.png,fake
fake/fake_00420.png,fake
fake/fake_00421.png,fake
fake/fake_00422.png,fake
fake/fake_00423.png,fake
fake/fake_00424.png,fake
fake/fake_00425.png,fake
fake/fake_00426.png,fake
fake/fake_00427.png,fake
fake/fake_00428.png,fake
fake/fake_00429.png,fake
fake/fake_00430.png,fake
fake/fake_00431.png,fake
fake/fake_00432.png,fake
fake/fake_00433.png,fake
fake/fake_00434.png,fake
fake/fake_00435.png,fake
fake/fake_00436.png,fake
fake/fake_00437.png,fake
fake/fake_00438.png,fake
fake/fake_00439.png,fake
fake/fake_00440.png,fake
fake/fake_00441.png,fake
fake/fake_00442.png,fake
fake/fake_00443.png,fake
fake/fake_00444.png,fake
fake/fake_00445.png,fake
fake/fake_00446.png,fake
fake/fake_00447.png,fake
fake/fake_00448.png,fake
fake/fake_00449.png,fake
fake/fake_00450.png,fake
fake/fake_00451.png,fake
fake/fake_00452.png,fake
fake/fake_00453.png,fake
fake/fake_00454.png,fake
fake/fake_00455.png,fake
fake/fake_00456.png,fake
fake/fake_00457.png,fake
fake/fake_00458.png,fake
fake/fake_00459.png,fake
fake/fake_00460.png,fake
fake/fake_00461.png,fake
fake/fake_00462.png,fake
fake/fake_00463.png,fake
fake/fake_00464.png,fake
fake/fake_00465.png,fake
fake/fake_00466.png,fake
fake/fake_00467.png,fake
fake/fake_00468.png,fake
fake/fake_00469.png,fake
fake/fake_00470.png,fake
fake/fake_00471.png,fake
fake/fake_00472.png,fake
fake/fake_00473.png,fake
fake/fake_00474.png,fake
fake/fake_00475.png,fake
fake/fake_00476.png,fake
fake/fake_00477.png,fake
fake/fake_00478.png,fake
fake/fake_00479.png,fake
fake/fake_00480.png,fake
fake/fake_00481.png,fake
fake/fake_00482.png,fake
fake/fake_00483.png,fake
fake/fake_00484.png,fake
fake/fake_00485.png,fake
fake/fake_00486.png,fake
fake/fake_00487.png,fake
fake/fake_00488.png,fake
fake/fake_00489.png,fake
fake/fake_00490.png,fake
fake/fake_00491.png,fake
fake/fake_00492.png,fake
fake/fake_00493.png,fake
fake/fake_00494.png,fake
fake/fake_00495.png,fake
fake/fake_00496.png,fake
fake/fake_00497.png,fake
fake/fake_00498.png,fake
fake/fake_00499.png,fake
fake/fake_00500.png,fake
fake/fake_00501.png,fake
fake/fake_00502.png,fake
fake/fake_00503.png,fake
fake/fake_00504.png,fake
fake/fake_00505.png,fake
fake/fake_00506.png,fake
fake/fake_00507.png,fake
fake/fake_00508.png,fake
fake/fake_00509.png,fake
fake/fake_00510.png,fake
fake/fake_00511.png,fake
fake/fake_00512.png,fake
fake/fake_00513.png,fake
fake/fake_00514.png,fake
fake/fake_00515.png,fake
fake/fake_00516.png,fake
fake/fake_00517.png,fake
fake/fake_00518.png,fake
fake/fake_00519.png,fake
fake/fake_00520.png,fake
fake/fake_00521.png,fake
fake/fake_00522.png,fake
fake/fake_00523.png,fake
fake/fake_00524.png,fake
fake/fake_00525.png,fake
fake/fake_00526.png,fake
fake/fake_00527.png,fake
fake/fake_00528.png,fake
fake/fake_00529.png,fake
fake/fake_00530.png,fake
fake/fake_00531.png,fake
fake/fake_00532.png,fake
fake/fake_00533.png,fake
fake/fake_00534.png,fake
fake/fake_00535.png,fake
fake/fake_00536.png,fake
fake/fake_00537.png,fake
fake/fake_00538.png,fake
fake/fake_00539.png,fake
fake/fake_00540.png,fake
fake/fake_00541.png,fake
fake/fake_00542.png,fake
fake/fake_00543.png,fake
fake/fake_00544.png,fake
fake/fake_00545.png,fake
fake/fake_00546.png,fake
fake/fake_00547.png,fake
fake/fake_00548.png,fake
fake/fake_00549.png,fake
fake/fake_00550.png,fake
fake/fake_00551.png,fake
fake/fake_00552.png,fake
fake/fake_00553.png,fake
fake/fake_00554.png,fake
fake/fake_00555.png,fake
fake/fake_00556.png,fake
fake/fake_00557.png,fake
fake/fake_00558.png,fake
fake/fake_00559.png,fake
fake/fake_00560.png,fake
fake/fake_00561.png,fake
fake/fake_00562.png,fake
fake/fake_00563.png,fake
fake/fake_00564.png,fake
fake/fake_00565.png,fake
fake/fake_00566.png,fake
fake/fake_00567.png,fake
fake/fake_00568.png,fake
fake/fake_00569.png,fake
fake/fake_00570.png,fake
fake/fake_00571.png,fake
fake/fake_00572.png,fake
fake/fake_00573.png,fake
fake/fake_00574.png,fake
fake/fake_00575.png,fake
fake/fake_00576.png,fake
fake/fake_00577.png,fake
fake/fake_00578.png,fake
fake/fake_00579.png,fake
fake/fake_00580.png,fake
fake/fake_00581.png,fake
fake/fake_00582.png,fake
fake/fake_00583.png,fake
fake/fake_00584.png,fake
fake/fake_00585.png,fake
fake/fake_00586.png,fake
fake/fake_00587.png,fake
fake/fake_00588.png,fake
fake/fake_00589.png,fake
fake/fake_00590.png,fake
fake/fake_00591.png,fake
fake/fake_00592.png,fake
fake/fake_00593.png,fake
fake/fake_00594.png,fake
fake/fake_00595.png,fake
fake/fake_00596.png,fake
fake/fake_00597.png,fake
fake/fake_00598.png,fake
fake/fake_00599.png,fake
fake/fake_00600.png,fake
fake/fake_00601.png,fake
fake/fake_00602.png,fake
fake/fake_00603.png,fake
fake/fake_00604.png,fake
fake/fake_00605.png,fake
fake/fake_00606.png,fake
fake/fake_00607.png,fake
fake/fake_00608.png,fake
fake/fake_00609.png,fake
fake/fake_00610.png,fake
fake/fake_00611.png,fake
fake/fake_00612.png,fake
fake/fake_00613.png,fake
fake/fake_00614.png,fake
fake/fake_00615.png,fake
fake/fake_00616.png,fake
fake/fake_00617.png,fake
fake/fake_00618.png,fake
fake/fake_00619.png,fake
fake/fake_00620.png,fake
fake/fake_00621.png,fake
fake/fake_00622.png,fake
fake/fake_00623.png,fake
fake/fake_00624.png,fake
fake/fake_00625.png,fake
fake/fake_00626.png,fake
fake/fake_00627.png,fake
fake/fake_00628.png,fake
fake/fake_00629.png,fake
fake/fake_00630.png,fake
fake/fake_00631.png,fake
fake/fake_00632.png,fake
fake/fake_00633.png,fake
fake/fake_00634.png,fake
fake/fake_00635.png,fake
fake/fake_00636.png,fake
fake/fake_00637.png,fake
fake/fake_00638.png,fake
fake/fake_00639.png,fake
fake/fake_00640.png,fake
fake/fake_00641.png,fake
fake/fake_00642.png,fake
fake/fake_00643.png,fake
fake/fake_00644.png,fake
fake/fake_00645.png,fake
fake/fake_00646.png,fake
fake/fake_00647.png,fake
fake/fake_00648.png,fake
fake/fake_00649.png,fake
fake/fake_00650.png,fake
fake/fake_00651.png,fake
fake/fake_00652.png,fake
fake/fake_00653.png,fake
fake/fake_00654.png,fake
fake/fake_00655.png,fake
fake/fake_00656.png,fake
fake/fake_00657.png,fake
fake/fake_00658.png,fake
fake/fake_00659.png,fake
fake/fake_00660.png,fake
fake/fake_00661.png,fake
fake/fake_00662.png,fake
fake/fake_00663.png,fake
fake/fake_00664.png,fake
fake/fake_00665.png,fake
fake/fake_00666.png,fake
fake/fake_00667.png,fake
fake/fake_00668.png,fake
fake/fake_00669.png,fake
fake/fake_00670.png,fake
fake/fake_00671.png,fake
fake/fake_00672.png,fake
fake/fake_00673.png,fake
fake/fake_00674.png,fake
fake/fake_00675.png,fake
fake/fake_00676.png,fake
fake/fake_00677.png,fake
fake/fake_00678.png,fake
fake/fake_00679.png,fake
fake/fake_00680.png,fake
fake/fake_00681.png,fake
fake/fake_00682.png,fake
fake/fake_00683.png,fake
fake/fake_00684.png,fake
fake/fake_00685.png,fake
fake/fake_00686.png,fake
fake/fake_00687.png,fake
fake/fake_00688.png,fake
fake/fake_00689.png,fake
fake/fake_00690.png,fake
fake/fake_00691.png,fake
fake/fake_00692.png,fake
fake/fake_00693.png,fake
fake/fake_00694.png,fake
fake/fake_00695.png,fake
fake/fake_00696.png,fake
fake/fake_00697.png,fake
fake/fake_00698.png,fake
fake/fake_00699.png,fake
fake/fake_00700.png,fake
fake/fake_00701.png,fake
fake/fake_00702.png,fake
fake/fake_00703.png,fake
fake/fake_00704.png,fake
fake/fake_00705.png,fake
fake/fake_00706.png,fake
fake/fake_00707.png,fake
fake/fake_00708.png,fake
fake/fake_00709.png,fake
fake/fake_00710.png,fake
fake/fake_00711.png,fake
fake/fake_00712.png,fake
fake/fake_00713.png,fake
fake/fake_00714.png,fake
fake/fake_00715.png,fake
fake/fake_00716.png,fake
fake/fake_00717.png,fake
fake/fake_00718.png,fake
fake/fake_00719.png,fake
fake/fake_00720.png,fake
fake/fake_00721.png,fake
fake/fake_00722.png,fake
fake/fake_00723.png,fake
fake/fake_00724.png,fake
fake/fake_00725.png,fake
fake/fake_00726.png,fake
fake/fake_00727.png,fake
fake/fake_00728.png,fake
fake/fake_00729.png,fake
fake/fake_00730.png,fake
fake/fake_00731.png,fake
fake/fake_00732.png,fake
fake/fake_00733.png,fake
fake/fake_00734.png,fake
fake/fake_00735.png,fake
fake/fake_00736.png,fake
fake/fake_00737.png,fake
fake/fake_00738.png,fake
fake/fake_00739.png,fake
fake/fake_00740.png,fake
fake/fake_00741.png,fake
fake/fake_00742.png,fake
fake/fake_00743.png,fake
fake/fake_00744.png,fake
fake/fake_00745.png,fake
fake/fake_00746.png,fake
fake/fake_00747.png,fake
fake/fake_00748.png,fake
fake/fake_00749.png,fake
fake/fake_00750.png,fake
fake/fake_00751.png,fake
fake/fake_00752.png,fake
fake/fake_00753.png,fake
fake/fake_00754.png,fake
fake/fake_00755.png,fake
fake/fake_00756.png,fake
fake/fake_00757.png,fake
fake/fake_00758.png,fake
fake/fake_00759.png,fake
fake/fake_00760.png,fake
fake/fake_00761.png,fake
fake/fake_00762.png,fake
fake/fake_00763.png,fake
fake/fake_00764.png,fake
fake/fake_00765.png,fake
fake/fake_00766.png,fake
fake/fake_00767.png,fake
fake/fake_00768.png,fake
fake/fake_00769.png,fake
fake/fake_00770.png,fake
fake/fake_00771.png,fake
fake/fake_00772.png,fake
fake/fake_00773.png,fake
fake/fake_00774.png,fake
fake/fake_00775.png,fake
fake/fake_00776.png,fake
fake/fake_00777.png,fake
fake/fake_00778.png,fake
fake/fake_00779.png,fake
fake/fake_00780.png,fake
fake/fake_00781.png,fake
fake/fake_00782.png,fake
fake/fake_00783.png,fake
fake/fake_00784.png,fake
fake/fake_00785.png,fake
fake/fake_00786.png,fake
fake/fake_00787.png,fake
fake/fake_00788.png,fake
fake/fake_00789.png,fake
fake/fake_00790.png,fake
fake/fake_00791.png,fake
fake/fake_00792.png,fake
fake/fake_00793.png,fake
fake/fake_00794.png,fake
fake/fake_00795.png,fake
fake/fake_00796.png,fake
fake/fake_00797.png,fake
fake/fake_00798.png,fake
fake/fake_00799.png,fake
fake/fake_00800.png,fake
fake/fake_00801.png,fake
fake/fake_00802.png,fake
fake/fake_00803.png,fake
fake/fake_00804.png,fake
fake/fake_00805.png,fake
fake/fake_00806.png,fake
fake/fake_00807.png,fake
fake/fake_00808.png,fake
fake/fake_00809.png,fake
fake/fake_00810.png,fake
fake/fake_00811.png,fake
fake/fake_00812.png,fake
fake/fake_00813.png,fake
fake/fake_00814.png,fake
fake/fake_00815.png,fake
fake/fake_00816.png,fake
fake/fake_00817.png,fake
fake/fake_00818.png,fake
fake/fake_00819.png,fake
fake/fake_00820.png,fake
fake/fake_00821.png,fake
fake/fake_00822.png,fake
fake/fake_00823.png,fake
fake/fake_00824.png,fake
fake/fake_00825.png,fake
fake/fake_00826.png,fake
fake/fake_00827.png,fake
fake/fake_00828.png,fake
fake/fake_00829.png,fake
fake/fake_00830.png,fake
fake/fake_00831.png,fake
fake/fake_00832.png,fake
fake/fake_00833.png,fake
fake/fake_00834.png,fake
fake/fake_00835.png,fake
fake/fake_00836.png,fake
fake/fake_00837.png,fake
fake/fake_00838.png,fake
fake/fake_00839.png,fake
fake/fake_00840.png,fake
fake/fake_00841.png,fake
fake/fake_00842.png,fake
fake/fake_00843.png,fake
fake/fake_00844.png,fake
fake/fake_00845.png,fake
fake/fake_00846.png,fake
fake/fake_00847.png,fake
fake/fake_00848.png,fake
fake/fake_00849.png,fake
fake/fake_00850.png,fake
fake/fake_00851.png,fake
fake/fake_00852.png,fake
fake/fake_00853.png,fake
fake/fake_00854.png,fake
fake/fake_00855.png,fake
fake/fake_00856.png,fake
fake/fake_00857.png,fake
fake/fake_00858.png,fake
fake/fake_00859.png,fake
fake/fake_00860.png,fake
fake/fake_00861.png,fake
fake/fake_00862.png,fake
fake/fake_00863.png,fake
fake/fake_00864.png,fake
fake/fake_00865.png,fake
fake/fake_00866.png,fake
fake/fake_00867.png,fake
fake/fake_00868.png,fake
fake/fake_00869.png,fake
fake/fake_00870.png,fake
fake/fake_00871.png,fake
fake/fake_00872.png,fake
fake/fake_00873.png,fake
fake/fake_00874.png,fake
fake/fake_00875.png,fake
fake/fake_00876.png,fake
fake/fake_00877.png,fake
fake/fake_00878.png,fake
fake/fake_00879.png,fake
fake/fake_00880.png,fake
fake/fake_00881.png,fake
fake/fake_00882.png,fake
fake/fake_00883.png,fake
fake/fake_00884.png,fake
fake/fake_00885.png,fake
fake/fake_00886.png,fake
fake/fake_00887.png,fake
fake/fake_00888.png,fake
fake/fake_00889.png,fake
fake/fake_00890.png,fake
fake/fake_00891.png,fake
fake/fake_00892.png,fake
fake/fake_00893.png,fake
fake/fake_00894.png,fake
fake/fake_00895.png,fake
fake/fake_00896.png,fake
fake/fake_00897.png,fake
fake/fake_00898.png,fake
fake/fake_00899.png,fake
fake/fake_00900.png,fake
fake/fake_00901.png,fake
fake/fake_00902.png,fake
fake/fake_00903.png,fake
fake/fake_00904.png,fake
fake/fake_00905.png,fake
fake/fake_00906.png,fake
fake/fake_00907.png,fake
fake/fake_00908.png,fake
fake/fake_00909.png,fake
fake/fake_00910.png,fake
fake/fake_00911.png,fake
fake/fake_00912.png,fake
fake/fake_00913.png,fake
fake/fake_00914.png,fake
fake/fake_00915.png,fake
fake/fake_00916.png,fake
fake/fake_00917.png,fake
fake/fake_00918.png,fake
fake/fake_00919.png,fake
fake/fake_00920.png,fake
fake/fake_00921.png,fake
fake/fake_00922.png,fake
fake/fake_00923.png,fake
fake/fake_00924.png,fake
fake/fake_00925.png,fake
fake/fake_00926.png,fake
fake/fake_00927.png,fake
fake/fake_00928.png,fake
fake/fake_00929.png,fake
fake/fake_00930.png,fake
fake/fake_00931.png,fake
fake/fake_00932.png,fake
fake/fake_00933.png,fake
fake/fake_00934.png,fake
fake/fake_00935.png,fake
fake/fake_00936.png,fake
fake/fake_00937.png,fake
fake/fake_00938.png,fake
fake/fake_00939.png,fake
fake/fake_00940.png,fake
fake/fake_00941.png,fake
fake/fake_00942.png,fake
fake/fake_00943.png,fake
fake/fake_00944.png,fake
fake/fake_00945.png,fake
fake/fake_00946.png,fake
fake/fake_00947.png,fake
fake/fake_00948.png,fake
fake/fake_00949.png,fake
fake/fake_00950.png,fake
fake/fake_00951.png,fake
fake/fake_00952.png,fake
fake/fake_00953.png,fake
fake/fake_00954.png,fake
fake/fake_00955.png,fake
fake/fake_00956.png,fake
fake/fake_00957.png,fake
fake/fake_00958.png,fake
fake/fake_00959.png,fake
fake/fake_00960.png,fake
fake/fake_00961.png,fake
fake/fake_00962.png,fake
fake/fake_00963.png,fake
fake/fake_00964.png,fake
fake/fake_00965.png,fake
fake/fake_00966.png,fake
fake/fake_00967.png,fake
fake/fake_00968.png,fake
fake/fake_00969.png,fake
fake/fake_00970.png,fake
fake/fake_00971.png,fake
fake/fake_00972.png,fake
fake/fake_00973.png,fake
fake/fake_00974.png,fake
fake/fake_00975.png,fake
fake/fake_00976.png,fake
fake/fake_00977.png,fake
fake/fake_00978.png,fake
fake/fake_00979.png,fake
fake/fake_00980.png,fake
fake/fake_00981.png,fake
fake/fake_00982.png,fake
fake/fake_00983.png,fake
fake/fake_00984.png,fake
fake/fake_00985.png,fake
fake/fake_00986.png,fake
fake/fake_00987.png,fake
fake/fake_00988.png,fake
fake/fake_00989.png,fake
fake/fake_00990.png,fake
fake/fake_00991.png,fake
fake/fake_00992.png,fake
fake/fake_00993.png,fake
fake/fake_00994.png,fake
fake/fake_00995.png,fake
fake/fake_00996.png,fake
fake/fake_00997.png,fake
fake/fake_00998.png,fake
fake/fake_00999.png,fake
fake/fake_01000.png,fake
fake/fake_01001.png,fake
fake/fake_01002.png,fake
fake/fake_01003.png,fake
fake/fake_01004.png,fake
fake/fake_01005.png,fake
fake/fake_01006.png,fake
fake/fake_01007.png,fake
fake/fake_01008.png,fake
fake/fake_01009.png,fake
fake/fake_01010.png,fake
fake/fake_01011.png,fake
fake/fake_01012.png,fake
fake/fake_01013.png,fake
fake/fake_01014.png,fake
fake/fake_01015.png,fake
fake/fake_01016.png,fake
fake/fake_01017.png,fake
fake/fake_01018.png,fake
fake/fake_01019.png,fake
fake/fake_01020.png,fake
fake/fake_01021.png,fake
fake/fake_01022.png,fake
fake/fake_01023.png,fake
fake/fake_01024.png,fake
fake/fake_01025.png,fake
fake/fake_01026.png,fake
fake/fake_01027.png,fake
fake/fake_01028.png,fake
fake/fake_01029.png,fake
fake/fake_01030.png,fake
fake/fake_01031.png,fake
fake/fake_01032.png,fake
fake/fake_01033.png,fake
fake/fake_01034.png,fake
fake/fake_01035.png,fake
fake/fake_01036.png,fake
fake/fake_01037.png,fake
fake/fake_01038.png,fake
fake/fake_01039.png,fake
fake/fake_01040.png,fake
fake/fake_01041.png,fake
fake/fake_01042.png,fake
fake/fake_01043.png,fake
fake/fake_01044.png,fake
fake/fake_01045.png,fake
fake/fake_01046.png,fake
fake/fake_01047.png,fake
fake/fake_01048.png,fake
fake/fake_01049.png,fake
fake/fake_01050.png,fake
fake/fake_01051.png,fake
fake/fake_01052.png,fake
fake/fake_01053.png,fake
fake/fake_01054.png,fake
fake/fake_01055.png,fake
fake/fake_01056.png,fake
fake/fake_01057.png,fake
fake/fake_01058.png,fake
fake/fake_01059.png,fake
fake/fake_01060.png,fake
fake/fake_01061.png,fake
fake/fake_01062.png,fake
fake/fake_01063.png,fake
fake/fake_01064.png,fake
fake/fake_01065.png,fake
fake/fake_01066.png,fake
fake/fake_01067.png,fake
fake/fake_01068.png,fake
fake/fake_01069.png,fake
fake/fake_01070.png,fake
fake/fake_01071.png,fake
fake/fake_01072.png,fake
fake/fake_01073.png,fake
fake/fake_01074.png,fake
fake/fake_01075.png,fake
fake/fake_01076.png,fake
fake/fake_01077.png,fake
fake/fake_01078.png,fake
fake/fake_01079.png,fake
fake/fake_01080.png,fake
fake/fake_01081.png,fake
fake/fake_01082.png,fake
fake/fake_01083.png,fake
fake/fake_01084.png,fake
fake/fake_01085.png,fake
fake/fake_01086.png,fake
fake/fake_01087.png,fake
fake/fake_01088.png,fake
fake/fake_01089.png,fake
fake/fake_01090.png,fake
fake/fake_01091.png,fake
fake/fake_01092.png,fake
fake/fake_01093.png,fake
fake/fake_01094.png,fake
fake/fake_01095.png,fake
fake/fake_01096.png,fake
fake/fake_01097.png,fake
fake/fake_01098.png,fake
fake/fake_01099.png,fake
fake/fake_01100.png,fake
fake/fake_01101.png,fake
fake/fake_01102.png,fake
fake/fake_01103.png,fake
fake/fake_01104.png,fake
fake/fake_01105.png,fake
fake/fake_01106.png,fake
fake/fake_01107.png,fake
fake/fake_01108.png,fake
fake/fake_01109.png,fake
fake/fake_01110.png,fake
fake/fake_01111.png,fake
fake/fake_01112.png,fake
fake/fake_01113.png,fake
fake/fake_01114.png,fake
fake/fake_01115.png,fake
fake/fake_01116.png,fake
fake/fake_01117.png,fake
fake/fake_01118.png,fake
fake/fake_01119.png,fake
fake/fake_01120.png,fake
fake/fake_01121.png,fake
fake/fake_01122.png,fake
fake/fake_01123.png,fake
fake/fake_01124.png,fake
fake/fake_01125.png,fake
fake/fake_01126.png,fake
fake/fake_01127.png,fake
fake/fake_01128.png,fake
fake/fake_01129.png,fake
fake/fake_01130.png,fake
fake/fake_01131.png,fake
fake/fake_01132.png,fake
fake/fake_01133.png,fake
fake/fake_01134.png,fake
fake/fake_01135.png,fake
fake/fake_01136.png,fake
fake/fake_01137.png,fake
fake/fake_01138.png,fake
fake/fake_01139.png,fake
fake/fake_01140.png,fake
fake/fake_01141.png,fake
fake/fake_01142.png,fake
fake/fake_01143.png,fake
fake/fake_01144.png,fake
fake/fake_01145.png,fake
fake/fake_01146.png,fake
fake/fake_01147.png,fake
fake/fake_01148.png,fake
fake/fake_01149.png,fake
fake/fake_01150.png,fake
fake/fake_01151.png,fake
fake/fake_01152.png,fake
fake/fake_01153.png,fake
fake/fake_01154.png,fake
fake/fake_01155.png,fake
fake/fake_01156.png,fake
fake/fake_01157.png,fake
fake/fake_01158.png,fake
fake/fake_01159.png,fake
fake/fake_01160.png,fake
fake/fake_01161.png,fake
fake/fake_01162.png,fake
fake/fake_01163.png,fake
fake/fake_01164.png,fake
fake/fake_01165.png,fake
fake/fake_01166.png,fake
fake/fake_01167.png,fake
fake/fake_01168.png,fake
fake/fake_01169.png,fake
fake/fake_01170.png,fake
fake/fake_01171.png,fake
fake/fake_01172.png,fake
fake/fake_01173.png,fake
fake/fake_01174.png,fake
fake/fake_01175.png,fake
fake/fake_01176.png,fake
fake/fake_01177.png,fake
fake/fake_01178.png,fake
fake/fake_01179.png,fake
fake/fake_01180.png,fake
fake/fake_01181.png,fake
fake/fake_01182.png,fake
fake/fake_01183.png,fake
fake/fake_01184.png,fake
fake/fake_01185.png,fake
fake/fake_01186.png,fake
fake/fake_01187.png,fake
fake/fake_01188.png,fake
fake/fake_01189.png,fake
fake/fake_01190.png,fake
fake/fake_01191.png,fake
fake/fake_01192.png,fake
fake/fake_01193.png,fake
fake/fake_01194.jpg,fake
fake/fake_01195.jpg,fake
fake/fake_01196.png,fake
fake/fake_01197.png,fake
fake/fake_01198.jpg,fake
fake/fake_01199.png,fake
fake/fake_01200.jpg,fake
fake/fake_01201.png,fake
fake/fake_01202.png,fake
fake/fake_01203.jpg,fake
fake/fake_01204.png,fake
fake/fake_01205.png,fake
fake/fake_01206.png,fake
fake/fake_01207.png,fake
fake/fake_01208.png,fake
fake/fake_01209.png,fake
fake/fake_01210.png,fake
fake/fake_01211.png,fake
fake/fake_01212.png,fake
fake/fake_01213.png,fake
fake/fake_01214.png,fake
fake/fake_01215.png,fake
fake/fake_01216.jpg,fake
fake/fake_01217.png,fake
fake/fake_01218.png,fake
fake/fake_01219.jpg,fake
fake/fake_01220.png,fake
fake/fake_01221.png,fake
fake/fake_01222.png,fake
fake/fake_01223.png,fake
fake/fake_01224.png,fake
fake/fake_01225.png,fake
fake/fake_01226.png,fake
fake/fake_01227.png,fake
fake/fake_01228.png,fake
fake/fake_01229.png,fake
fake/fake_01230.png,fake
fake/fake_01231.png,fake
fake/fake_01232.png,fake
fake/fake_01233.png,fake
fake/fake_01234.png,fake
fake/fake_01235.png,fake
fake/fake_01236.png,fake
fake/fake_01237.png,fake
fake/fake_01238.png,fake
fake/fake_01239.jpg,fake
fake/fake_01240.png,fake
fake/fake_01241.png,fake
fake/fake_01242.jpg,fake
fake/fake_01243.png,fake
fake/fake_01244.png,fake
fake/fake_01245.png,fake
fake/fake_01246.png,fake
fake/fake_01247.png,fake
fake/fake_01248.png,fake
fake/fake_01249.png,fake
fake/fake_01250.png,fake
fake/fake_01251.png,fake
fake/fake_01252.jpg,fake
fake/fake_01253.png,fake
fake/fake_01254.png,fake
fake/fake_01255.jpg,fake
fake/fake_01256.png,fake
fake/fake_01257.png,fake
fake/fake_01258.png,fake
fake/fake_01259.png,fake
fake/fake_01260.png,fake
fake/fake_01261.png,fake
fake/fake_01262.png,fake
fake/fake_01263.png,fake
fake/fake_01264.png,fake
fake/fake_01265.png,fake
fake/fake_01266.png,fake
fake/fake_01267.png,fake
fake/fake_01268.png,fake
fake/fake_01269.png,fake
fake/fake_01270.png,fake
fake/fake_01271.png,fake
fake/fake_01272.png,fake
fake/fake_01273.jpg,fake
fake/fake_01274.png,fake
fake/fake_01275.png,fake
fake/fake_01276.jpg,fake
fake/fake_01277.png,fake
fake/fake_01278.png,fake
fake/fake_01279.png,fake
fake/fake_01280.png,fake
fake/fake_01281.png,fake
fake/fake_01282.png,fake
fake/fake_01283.png,fake
fake/fake_01284.png,fake
fake/fake_01285.png,fake
fake/fake_01286.png,fake
fake/fake_01287.png,fake
fake/fake_01288.png,fake
fake/fake_01289.png,fake
fake/fake_01290.png,fake
fake/fake_01291.png,fake
fake/fake_01292.png,fake
fake/fake_01293.png,fake
fake/fake_01294.png,fake
fake/fake_01295.jpg,fake
fake/fake_01296.png,fake
fake/fake_01297.png,fake
fake/fake_01298.jpg,fake
fake/fake_01299.png,fake
fake/fake_01300.png,fake
fake/fake_01301.png,fake
fake/fake_01302.png,fake
fake/fake_01303.png,fake
fake/fake_01304.png,fake
fake/fake_01305.png,fake
fake/fake_01306.png,fake
fake/fake_01307.png,fake
fake/fake_01308.png,fake
fake/fake_01309.png,fake
fake/fake_01310.png,fake
fake/fake_01311.png,fake
fake/fake_01312.jpg,fake
fake/fake_01313.png,fake
fake/fake_01314.png,fake
fake/fake_01315.jpg,fake
fake/fake_01316.png,fake
fake/fake_01317.png,fake
fake/fake_01318.png,fake
fake/fake_01319.png,fake
fake/fake_01320.png,fake
fake/fake_01321.png,fake
fake/fake_01322.png,fake
fake/fake_01323.png,fake
fake/fake_01324.png,fake
fake/fake_01325.png,fake
fake/fake_01326.png,fake
fake/fake_01327.png,fake
fake/fake_01328.png,fake
fake/fake_01329.png,fake
fake/fake_01330.png,fake
fake/fake_01331.jpg,fake
fake/fake_01332.png,fake
fake/fake_01333.png,fake
fake/fake_01334.jpg,fake
fake/fake_01335.png,fake
fake/fake_01336.png,fake
fake/fake_01337.png,fake
fake/fake_01338.png,fake
fake/fake_01339.png,fake
fake/fake_01340.png,fake
fake/fake_01341.png,fake
fake/fake_01342.png,fake
fake/fake_01343.png,fake
fake/fake_01344.png,fake
fake/fake_01345.png,fake
fake/fake_01346.png,fake
fake/fake_01347.png,fake
fake/fake_01348.png,fake
fake/fake_01349.jpg,fake
fake/fake_01350.png,fake
fake/fake_01351.png,fake
fake/fake_01352.jpg,fake
fake/fake_01353.png,fake
fake/fake_01354.png,fake
fake/fake_01355.png,fake
fake/fake_01356.png,fake
fake/fake_01357.png,fake
fake/fake_01358.png,fake
fake/fake_01359.png,fake
fake/fake_01360.png,fake
fake/fake_01361.png,fake
fake/fake_01362.png,fake
fake/fake_01363.png,fake
fake/fake_01364.jpg,fake
fake/fake_01365.png,fake
fake/fake_01366.png,fake
fake/fake_01367.jpg,fake
fake/fake_01368.png,fake
fake/fake_01369.png,fake
fake/fake_01370.png,fake
fake/fake_01371.png,fake
fake/fake_01372.png,fake
fake/fake_01373.png,fake
fake/fake_01374.png,fake
fake/fake_01375.png,fake
fake/fake_01376.png,fake
fake/fake_01377.png,fake
fake/fake_01378.png,fake
fake/fake_01379.png,fake
fake/fake_01380.png,fake
fake/fake_01381.png,fake
fake/fake_01382.png,fake
fake/fake_01383.png,fake
fake/fake_01384.png,fake
fake/fake_01385.png,fake
fake/fake_01386.png,fake
fake/fake_01387.png,fake
fake/fake_01388.png,fake
fake/fake_01389.png,fake
fake/fake_01390.jpg,fake
fake/fake_01391.png,fake
fake/fake_01392.png,fake
fake/fake_01393.jpg,fake
fake/fake_01394.png,fake
fake/fake_01395.png,fake
fake/fake_01396.png,fake
fake/fake_01397.png,fake
fake/fake_01398.png,fake
fake/fake_01399.png,fake
fake/fake_01400.png,fake
fake/fake_01401.png,fake
fake/fake_01402.png,fake
fake/fake_01403.png,fake
fake/fake_01404.png,fake
fake/fake_01405.png,fake
fake/fake_01406.jpg,fake
fake/fake_01407.png,fake
fake/fake_01408.png,fake
fake/fake_01409.jpg,fake
fake/fake_01410.png,fake
fake/fake_01411.png,fake
fake/fake_01412.png,fake
fake/fake_01413.png,fake
fake/fake_01414.png,fake
fake/fake_01415.png,fake
fake/fake_01416.png,fake
fake/fake_01417.png,fake
fake/fake_01418.png,fake
fake/fake_01419.png,fake
fake/fake_01420.png,fake
fake/fake_01421.png,fake
fake/fake_01422.png,fake
fake/fake_01423.png,fake
fake/fake_01424.png,fake
fake/fake_01425.png,fake
fake/fake_01426.png,fake
fake/fake_01427.png,fake
fake/fake_01428.png,fake
fake/fake_01429.png,fake
fake/fake_01430.png,fake
fake/fake_01431.png,fake
fake/fake_01432.png,fake
fake/fake_01433.jpg,fake
fake/fake_01434.png,fake
fake/fake_01435.png,fake
fake/fake_01436.jpg,fake
fake/fake_01437.png,fake
fake/fake_01438.png,fake
fake/fake_01439.png,fake
fake/fake_01440.png,fake
fake/fake_01441.png,fake
fake/fake_01442.png,fake
fake/fake_01443.png,fake
fake/fake_01444.png,fake
fake/fake_01445.png,fake
fake/fake_01446.png,fake
fake/fake_01447.png,fake
fake/fake_01448.png,fake
fake/fake_01449.png,fake
fake/fake_01450.png,fake
fake/fake_01451.png,fake
fake/fake_01452.jpg,fake
fake/fake_01453.png,fake
fake/fake_01454.png,fake
fake/fake_01455.jpg,fake
fake/fake_01456.png,fake
fake/fake_01457.png,fake
fake/fake_01458.png,fake
fake/fake_01459.png,fake
fake/fake_01460.png,fake
fake/fake_01461.png,fake
fake/fake_01462.png,fake
fake/fake_01463.png,fake
fake/fake_01464.png,fake
fake/fake_01465.png,fake
fake/fake_01466.png,fake
fake/fake_01467.png,fake
fake/fake_01468.png,fake
fake/fake_01469.png,fake
fake/fake_01470.png,fake
fake/fake_01471.png,fake
fake/fake_01472.png,fake
fake/fake_01473.png,fake
fake/fake_01474.png,fake
fake/fake_01475.png,fake
fake/fake_01476.jpg,fake
fake/fake_01477.png,fake
fake/fake_01478.png,fake
fake/fake_01479.jpg,fake
fake/fake_01480.png,fake
fake/fake_01481.png,fake
fake/fake_01482.png,fake
fake/fake_01483.png,fake
fake/fake_01484.png,fake
fake/fake_01485.png,fake
fake/fake_01486.png,fake
fake/fake_01487.png,fake
fake/fake_01488.png,fake
fake/fake_01489.png,fake
fake/fake_01490.png,fake
fake/fake_01491.png,fake
fake/fake_01492.png,fake
fake/fake_01493.png,fake
fake/fake_01494.png,fake
fake/fake_01495.png,fake
fake/fake_01496.png,fake
fake/fake_01497.png,fake
fake/fake_01498.png,fake
fake/fake_01499.jpg,fake
fake/fake_01500.png,fake
fake/fake_01501.png,fake
fake/fake_01502.jpg,fake
fake/fake_01503.png,fake
fake/fake_01504.png,fake
fake/fake_01505.png,fake
fake/fake_01506.png,fake
fake/fake_01507.png,fake
fake/fake_01508.png,fake
fake/fake_01509.png,fake
fake/fake_01510.png,fake
fake/fake_01511.png,fake
fake/fake_01512.png,fake
fake/fake_01513.png,fake
fake/fake_01514.png,fake
fake/fake_01515.png,fake
fake/fake_01516.png,fake
fake/fake_01517.png,fake
fake/fake_01518.png,fake
fake/fake_01519.png,fake
fake/fake_01520.png,fake
fake/fake_01521.png,fake
fake/fake_01522.png,fake
fake/fake_01523.png,fake
fake/fake_01524.png,fake
fake/fake_01525.png,fake
fake/fake_01526.png,fake
fake/fake_01527.png,fake
fake/fake_01528.png,fake
fake/fake_01529.png,fake
fake/fake_01530.png,fake
fake/fake_01531.png,fake
fake/fake_01532.png,fake
fake/fake_01533.png,fake
fake/fake_01534.png,fake
fake/fake_01535.png,fake
fake/fake_01536.png,fake
fake/fake_01537.png,fake
fake/fake_01538.png,fake
fake/fake_01539.png,fake
fake/fake_01540.png,fake
fake/fake_01541.png,fake
fake/fake_01542.png,fake
fake/fake_01543.png,fake
fake/fake_01544.png,fake
fake/fake_01545.png,fake
fake/fake_01546.png,fake
fake/fake_01547.png,fake
fake/fake_01548.png,fake
fake/fake_01549.jpg,fake
fake/fake_01550.png,fake
fake/fake_01551.png,fake
fake/fake_01552.jpg,fake
fake/fake_01553.png,fake
fake/fake_01554.png,fake
fake/fake_01555.png,fake
fake/fake_01556.png,fake
fake/fake_01557.png,fake
fake/fake_01558.png,fake
fake/fake_01559.png,fake
fake/fake_01560.png,fake
fake/fake_01561.png,fake
fake/fake_01562.png,fake
fake/fake_01563.png,fake
fake/fake_01564.png,fake
fake/fake_01565.png,fake
fake/fake_01566.png,fake
fake/fake_01567.jpg,fake
fake/fake_01568.png,fake
fake/fake_01569.png,fake
fake/fake_01570.jpg,fake
fake/fake_01571.png,fake
fake/fake_01572.png,fake
fake/fake_01573.png,fake
fake/fake_01574.png,fake
fake/fake_01575.png,fake
fake/fake_01576.png,fake
fake/fake_01577.png,fake
fake/fake_01578.png,fake
fake/fake_01579.png,fake
fake/fake_01580.png,fake
fake/fake_01581.png,fake
fake/fake_01582.png,fake
fake/fake_01583.png,fake
fake/fake_01584.png,fake
fake/fake_01585.png,fake
fake/fake_01586.png,fake
fake/fake_01587.png,fake
fake/fake_01588.png,fake
fake/fake_01589.png,fake
fake/fake_01590.png,fake
fake/fake_01591.png,fake
fake/fake_01592.jpg,fake
fake/fake_01593.png,fake
fake/fake_01594.png,fake
fake/fake_01595.jpg,fake
fake/fake_01596.png,fake
fake/fake_01597.png,fake
fake/fake_01598.png,fake
fake/fake_01599.png,fake
fake/fake_01600.png,fake
fake/fake_01601.png,fake
fake/fake_01602.png,fake
fake/fake_01603.png,fake
fake/fake_01604.jpg,fake
fake/fake_01605.png,fake
fake/fake_01606.png,fake
real/real_00001.jpg,real
real/real_00002.png,real
real/real_00003.png,real
real/real_00004.png,real
real/real_00005.png,real
real/real_00006.png,real
real/real_00007.png,real
real/real_00008.png,real
real/real_00009.png,real
real/real_00010.png,real
real/real_00011.png,real
real/real_00012.png,real
real/real_00013.png,real
real/real_00014.png,real
real/real_00015.png,real
real/real_00016.png,real
real/real_00017.png,real
real/real_00018.png,real
real/real_00019.png,real
real/real_00020.png,real
real/real_00021.png,real
real/real_00022.png,real
real/real_00023.png,real
real/real_00024.png,real
real/real_00025.png,real
real/real_00026.png,real
real/real_00027.png,real
real/real_00028.png,real
real/real_00029.png,real
real/real_00030.png,real
real/real_00031.png,real
real/real_00032.png,real
real/real_00033.png,real
real/real_00034.png,real
real/real_00035.png,real
real/real_00036.png,real
real/real_00037.png,real
real/real_00038.png,real
real/real_00039.png,real
real/real_00040.png,real
real/real_00041.png,real
real/real_00042.png,real
real/real_00043.png,real
real/real_00044.png,real
real/real_00045.png,real
real/real_00046.png,real
real/real_00047.png,real
real/real_00048.png,real
real/real_00049.png,real
real/real_00050.png,real
real/real_00051.png,real
real/real_00052.png,real
real/real_00053.png,real
real/real_00054.png,real
real/real_00055.png,real
real/real_00056.png,real
real/real_00057.png,real
real/real_00058.png,real
real/real_00059.png,real
real/real_00060.png,real
real/real_00061.png,real
real/real_00062.png,real
real/real_00063.png,real
real/real_00064.png,real
real/real_00065.png,real
real/real_00066.png,real
real/real_00067.png,real
real/real_00068.png,real
real/real_00069.png,real
real/real_00070.png,real
real/real_00071.png,real
real/real_00072.png,real
real/real_00073.png,real
real/real_00074.png,real
real/real_00075.png,real
real/real_00076.png,real
real/real_00077.png,real
real/real_00078.png,real
real/real_00079.png,real
real/real_00080.png,real
real/real_00081.png,real
real/real_00082.png,real
real/real_00083.png,real
real/real_00084.png,real
real/real_00085.png,real
real/real_00086.png,real
real/real_00087.png,real
real/real_00088.png,real
real/real_00089.png,real
real/real_00090.png,real
real/real_00091.png,real
real/real_00092.png,real
real/real_00093.png,real
real/real_00094.png,real
real/real_00095.png,real
real/real_00096.png,real
real/real_00097.png,real
real/real_00098.png,real
real/real_00099.png,real
real/real_00100.png,real
real/real_00101.png,real
real/real_00102.png,real
real/real_00103.png,real
real/real_00104.png,real
real/real_00105.png,real
real/real_00106.png,real
real/real_00107.png,real
real/real_00108.png,real
real/real_00109.png,real
real/real_00110.png,real
real/real_00111.png,real
real/real_00112.png,real
real/real_00113.png,real
real/real_00114.png,real
real/real_00115.png,real
real/real_00116.png,real
real/real_00117.png,real
real/real_00118.png,real
real/real_00119.png,real
real/real_00120.png,real
real/real_00121.png,real
real/real_00122.png,real
real/real_00123.png,real
real/real_00124.png,real
real/real_00125.png,real
real/real_00126.png,real
real/real_00127.png,real
real/real_00128.png,real
real/real_00129.png,real
real/real_00130.png,real
real/real_00131.png,real
real/real_00132.png,real
real/real_00133.png,real
real/real_00134.png,real
real/real_00135.png,real
real/real_00136.png,real
real/real_00137.png,real
real/real_00138.png,real
real/real_00139.png,real
real/real_00140.png,real
real/real_00141.png,real
real/real_00142.png,real
real/real_00143.png,real
real/real_00144.png,real
real/real_00145.png,real
real/real_00146.png,real
real/real_00147.png,real
real/real_00148.png,real
real/real_00149.png,real
real/real_00150.png,real
real/real_00151.png,real
real/real_00152.jpg,real
real/real_00153.png,real
real/real_00154.png,real
real/real_00155.png,real
real/real_00156.png,real
real/real_00157.png,real
real/real_00158.png,real
real/real_00159.png,real
real/real_00160.png,real
real/real_00161.png,real
real/real_00162.png,real
real/real_00163.png,real
real/real_00164.png,real
real/real_00165.png,real
real/real_00166.png,real
real/real_00167.png,real
real/real_00168.png,real
real/real_00169.png,real
real/real_00170.png,real
real/real_00171.png,real
real/real_00172.png,real
real/real_00173.png,real
real/real_00174.png,real
real/real_00175.png,real
real/real_00176.png,real
real/real_00177.png,real
real/real_00178.png,real
real/real_00179.png,real
real/real_00180.png,real
real/real_00181.png,real
real/real_00182.png,real
real/real_00183.png,real
real/real_00184.png,real
real/real_00185.png,real
real/real_00186.png,real
real/real_00187.png,real
real/real_00188.png,real
real/real_00189.png,real
real/real_00190.png,real
real/real_00191.png,real
real/real_00192.png,real
real/real_00193.png,real
real/real_00194.png,real
real/real_00195.png,real
real/real_00196.png,real
real/real_00197.png,real
real/real_00198.png,real
real/real_00199.png,real
real/real_00200.png,real
real/real_00201.png,real
real/real_00202.png,real
real/real_00203.png,real
real/real_00204.png,real
real/real_00205.jpg,real
real/real_00206.png,real
real/real_00207.png,real
real/real_00208.png,real
real/real_00209.png,real
real/real_00210.png,real
real/real_00211.png,real
real/real_00212.png,real
real/real_00213.png,real
real/real_00214.png,real
real/real_00215.png,real
real/real_00216.png,real
real/real_00217.png,real
real/real_00218.png,real
real/real_00219.png,real
real/real_00220.png,real
real/real_00221.png,real
real/real_00222.png,real
real/real_00223.png,real
real/real_00224.png,real
real/real_00225.png,real
real/real_00226.png,real
real/real_00227.png,real
real/real_00228.png,real
real/real_00229.png,real
real/real_00230.png,real
real/real_00231.png,real
real/real_00232.png,real
real/real_00233.png,real
real/real_00234.png,real
real/real_00235.png,real
real/real_00236.png,real
real/real_00237.png,real
real/real_00238.png,real
real/real_00239.png,real
real/real_00240.png,real
real/real_00241.png,real
real/real_00242.png,real
real/real_00243.png,real
real/real_00244.png,real
real/real_00245.png,real
real/real_00246.png,real
real/real_00247.png,real
real/real_00248.png,real
real/real_00249.png,real
real/real_00250.png,real
real/real_00251.png,real
real/real_00252.png,real
real/real_00253.png,real
real/real_00254.png,real
real/real_00255.png,real
real/real_00256.png,real
real/real_00257.png,real
real/real_00258.png,real
real/real_00259.png,real
real/real_00260.png,real
real/real_00261.png,real
real/real_00262.png,real
real/real_00263.jpg,real
real/real_00264.png,real
real/real_00265.png,real
real/real_00266.png,real
real/real_00267.png,real
real/real_00268.png,real
real/real_00269.png,real
real/real_00270.png,real
real/real_00271.png,real
real/real_00272.png,real
real/real_00273.png,real
real/real_00274.png,real
real/real_00275.png,real
real/real_00276.png,real
real/real_00277.png,real
real/real_00278.png,real
real/real_00279.png,real
real/real_00280.png,real
real/real_00281.png,real
real/real_00282.png,real
real/real_00283.png,real
real/real_00284.png,real
real/real_00285.png,real
real/real_00286.png,real
real/real_00287.png,real
real/real_00288.png,real
real/real_00289.png,real
real/real_00290.png,real
real/real_00291.png,real
real/real_00292.png,real
real/real_00293.png,real
real/real_00294.png,real
real/real_00295.png,real
real/real_00296.png,real
real/real_00297.png,real
real/real_00298.png,real
real/real_00299.png,real
real/real_00300.png,real
real/real_00301.png,real
real/real_00302.png,real
real/real_00303.png,real
real/real_00304.png,real
real/real_00305.png,real
real/real_00306.png,real
real/real_00307.png,real
real/real_00308.png,real
real/real_00309.png,real
real/real_00310.png,real
real/real_00311.png,real
real/real_00312.png,real
real/real_00313.png,real
real/real_00314.png,real
real/real_00315.png,real
real/real_00316.png,real
real/real_00317.png,real
real/real_00318.png,real
real/real_00319.png,real
real/real_00320.png,real
real/real_00321.png,real
real/real_00322.png,real
real/real_00323.png,real
real/real_00324.jpg,real
real/real_00325.png,real
real/real_00326.png,real
real/real_00327.png,real
real/real_00328.png,real
real/real_00329.png,real
real/real_00330.png,real
real/real_00331.png,real
real/real_00332.png,real
real/real_00333.png,real
real/real_00334.png,real
real/real_00335.png,real
real/real_00336.png,real
real/real_00337.png,real
real/real_00338.png,real
real/real_00339.png,real
real/real_00340.png,real
real/real_00341.png,real
real/real_00342.png,real
real/real_00343.png,real
real/real_00344.png,real
real/real_00345.png,real
real/real_00346.png,real
real/real_00347.png,real
real/real_00348.png,real
real/real_00349.png,real
real/real_00350.png,real
real/real_00351.png,real
real/real_00352.png,real
real/real_00353.png,real
real/real_00354.png,real
real/real_00355.png,real
real/real_00356.png,real
real/real_00357.png,real
real/real_00358.png,real
real/real_00359.png,real
real/real_00360.png,real
real/real_00361.png,real
real/real_00362.png,real
real/real_00363.png,real
real/real_00364.png,real
real/real_00365.png,real
real/real_00366.png,real
real/real_00367.png,real
real/real_00368.png,real
real/real_00369.png,real
real/real_00370.png,real
real/real_00371.png,real
real/real_00372.png,real
real/real_00373.png,real
real/real_00374.png,real
real/real_00375.png,real
real/real_00376.jpg,real
real/real_00377.png,real
real/real_00378.png,real
real/real_00379.png,real
real/real_00380.png,real
real/real_00381.png,real
real/real_00382.jpg,real
real/real_00383.png,real
real/real_00384.png,real
real/real_00385.png,real
real/real_00386.png,real
real/real_00387.png,real
real/real_00388.png,real
real/real_00389.png,real
real/real_00390.png,real
real/real_00391.png,real
real/real_00392.png,real
real/real_00393.png,real
real/real_00394.png,real
real/real_00395.png,real
real/real_00396.png,real
real/real_00397.png,real
real/real_00398.png,real
real/real_00399.png,real
real/real_00400.png,real
real/real_00401.png,real
real/real_00402.png,real
real/real_00403.png,real
real/real_00404.png,real
real/real_00405.png,real
real/real_00406.png,real
real/real_00407.png,real
real/real_00408.png,real
real/real_00409.png,real
real/real_00410.png,real
real/real_00411.png,real
real/real_00412.png,real
real/real_00413.png,real
real/real_00414.png,real
real/real_00415.png,real
real/real_00416.png,real
real/real_00417.png,real
real/real_00418.png,real
real/real_00419.png,real
real/real_00420.png,real
real/real_00421.png,real
real/real_00422.png,real
real/real_00423.png,real
real/real_00424.png,real
real/real_00425.png,real
real/real_00426.png,real
real/real_00427.png,real
real/real_00428.png,real
real/real_00429.png,real
real/real_00430.png,real
real/real_00431.png,real
real/real_00432.png,real
real/real_00433.png,real
real/real_00434.png,real
real/real_00435.png,real
real/real_00436.png,real
real/real_00437.png,real
real/real_00438.png,real
real/real_00439.png,real
real/real_00440.png,real
real/real_00441.png,real
real/real_00442.jpg,real
real/real_00443.png,real
real/real_00444.png,real
real/real_00445.png,real
real/real_00446.png,real
real/real_00447.png,real
real/real_00448.png,real
real/real_00449.png,real
real/real_00450.png,real
real/real_00451.png,real
real/real_00452.png,real
real/real_00453.png,real
real/real_00454.png,real
real/real_00455.png,real
real/real_00456.png,real
real/real_00457.png,real
real/real_00458.png,real
real/real_00459.png,real
real/real_00460.png,real
real/real_00461.png,real
real/real_00462.png,real
real/real_00463.png,real
real/real_00464.png,real
real/real_00465.png,real
real/real_00466.png,real
real/real_00467.png,real
real/real_00468.png,real
real/real_00469.png,real
real/real_00470.png,real
real/real_00471.png,real
real/real_00472.png,real
real/real_00473.png,real
real/real_00474.png,real
real/real_00475.png,real
real/real_00476.png,real
real/real_00477.png,real
real/real_00478.png,real
real/real_00479.png,real
real/real_00480.png,real
real/real_00481.png,real
real/real_00482.png,real
real/real_00483.png,real
real/real_00484.png,real
real/real_00485.png,real
real/real_00486.png,real
real/real_00487.png,real
real/real_00488.png,real
real/real_00489.png,real
real/real_00490.png,real
real/real_00491.png,real
real/real_00492.png,real
real/real_00493.png,real
real/real_00494.png,real
real/real_00495.png,real
real/real_00496.png,real
real/real_00497.png,real
real/real_00498.png,real
real/real_00499.png,real
real/real_00500.png,real
real/real_00501.png,real
real/real_00502.png,real
real/real_00503.jpg,real
real/real_00504.png,real
real/real_00505.png,real
real/real_00506.png,real
real/real_00507.png,real
real/real_00508.png,real
real/real_00509.png,real
real/real_00510.png,real
real/real_00511.png,real
real/real_00512.png,real
real/real_00513.png,real
real/real_00514.png,real
real/real_00515.png,real
real/real_00516.png,real
real/real_00517.png,real
real/real_00518.png,real
real/real_00519.png,real
real/real_00520.png,real
real/real_00521.png,real
real/real_00522.png,real
real/real_00523.png,real
real/real_00524.png,real
real/real_00525.png,real
real/real_00526.png,real
real/real_00527.png,real
real/real_00528.png,real
real/real_00529.png,real
real/real_00530.png,real
real/real_00531.png,real
real/real_00532.png,real
real/real_00533.png,real
real/real_00534.png,real
real/real_00535.png,real
real/real_00536.png,real
real/real_00537.png,real
real/real_00538.png,real
real/real_00539.png,real
real/real_00540.png,real
real/real_00541.png,real
real/real_00542.png,real
real/real_00543.png,real
real/real_00544.png,real
real/real_00545.png,real
real/real_00546.png,real
real/real_00547.png,real
real/real_00548.png,real
real/real_00549.png,real
real/real_00550.png,real
real/real_00551.png,real
real/real_00552.png,real
real/real_00553.png,real
real/real_00554.png,real
real/real_00555.png,real
real/real_00556.png,real
real/real_00557.png,real
real/real_00558.png,real
real/real_00559.png,real
real/real_00560.png,real
real/real_00561.jpg,real
real/real_00562.png,real
real/real_00563.png,real
real/real_00564.png,real
real/real_00565.png,real
real/real_00566.png,real
real/real_00567.png,real
real/real_00568.png,real
real/real_00569.png,real
real/real_00570.png,real
real/real_00571.png,real
real/real_00572.png,real
real/real_00573.png,real
real/real_00574.png,real
real/real_00575.png,real
real/real_00576.png,real
real/real_00577.png,real
real/real_00578.png,real
real/real_00579.png,real
real/real_00580.png,real
real/real_00581.png,real
real/real_00582.png,real
real/real_00583.png,real
real/real_00584.png,real
real/real_00585.png,real
real/real_00586.png,real
real/real_00587.png,real
real/real_00588.png,real
real/real_00589.png,real
real/real_00590.png,real
real/real_00591.png,real
real/real_00592.png,real
real/real_00593.png,real
real/real_00594.png,real
real/real_00595.png,real
real/real_00596.png,real
real/real_00597.png,real
real/real_00598.png,real
real/real_00599.png,real
real/real_00600.png,real
real/real_00601.png,real
real/real_00602.png,real
real/real_00603.png,real
real/real_00604.png,real
real/real_00605.png,real
real/real_00606.png,real
real/real_00607.png,real
real/real_00608.png,real
real/real_00609.png,real
real/real_00610.png,real
real/real_00611.png,real
real/real_00612.png,real
real/real_00613.png,real
real/real_00614.png,real
real/real_00615.png,real
real/real_00616.png,real
real/real_00617.png,real
real/real_00618.png,real
real/real_00619.png,real
real/real_00620.png,real
real/real_00621.jpg,real
real/real_00622.png,real
real/real_00623.png,real
real/real_00624.png,real
real/real_00625.png,real
real/real_00626.png,real
real/real_00627.png,real
real/real_00628.png,real
real/real_00629.png,real
real/real_00630.png,real
real/real_00631.png,real
real/real_00632.png,real
real/real_00633.png,real
real/real_00634.png,real
real/real_00635.png,real
real/real_00636.png,real
real/real_00637.png,real
real/real_00638.png,real
real/real_00639.png,real
real/real_00640.png,real
real/real_00641.png,real
real/real_00642.png,real
real/real_00643.png,real
real/real_00644.png,real
real/real_00645.png,real
real/real_00646.png,real
real/real_00647.png,real
real/real_00648.png,real
real/real_00649.png,real
real/real_00650.png,real
real/real_00651.png,real
real/real_00652.png,real
real/real_00653.png,real
real/real_00654.png,real
real/real_00655.png,real
real/real_00656.png,real
real/real_00657.png,real
real/real_00658.png,real
real/real_00659.png,real
real/real_00660.png,real
real/real_00661.png,real
real/real_00662.png,real
real/real_00663.png,real
real/real_00664.png,real
real/real_00665.png,real
real/real_00666.png,real
real/real_00667.png,real
real/real_00668.png,real
real/real_00669.png,real
real/real_00670.png,real
real/real_00671.png,real
real/real_00672.png,real
real/real_00673.png,real
real/real_00674.png,real
real/real_00675.png,real
real/real_00676.png,real
real/real_00677.png,real
real/real_00678.png,real
real/real_00679.jpg,real
real/real_00680.png,real
real/real_00681.png,real
real/real_00682.png,real
real/real_00683.png,real
real/real_00684.png,real
real/real_00685.png,real
real/real_00686.png,real
real/real_00687.png,real
real/real_00688.png,real
real/real_00689.png,real
real/real_00690.png,real
real/real_00691.png,real
real/real_00692.png,real
real/real_00693.png,real
real/real_00694.png,real
real/real_00695.png,real
real/real_00696.png,real
real/real_00697.png,real
real/real_00698.png,real
real/real_00699.png,real
real/real_00700.png,real
real/real_00701.png,real
real/real_00702.png,real
real/real_00703.png,real
real/real_00704.png,real
real/real_00705.png,real
real/real_00706.png,real
real/real_00707.png,real
real/real_00708.png,real
real/real_00709.png,real
real/real_00710.png,real
real/real_00711.png,real
real/real_00712.png,real
real/real_00713.png,real
real/real_00714.png,real
real/real_00715.png,real
real/real_00716.png,real
real/real_00717.png,real
real/real_00718.png,real
real/real_00719.png,real
real/real_00720.png,real
real/real_00721.png,real
real/real_00722.png,real
real/real_00723.png,real
real/real_00724.png,real
real/real_00725.png,real
real/real_00726.png,real
real/real_00727.png,real
real/real_00728.png,real
real/real_00729.png,real
real/real_00730.png,real
real/real_00731.png,real
real/real_00732.png,real
real/real_00733.png,real
real/real_00734.png,real
real/real_00735.png,real
real/real_00736.jpg,real
real/real_00737.png,real
real/real_00738.png,real
real/real_00739.png,real
real/real_00740.png,real
real/real_00741.png,real
real/real_00742.png,real
real/real_00743.png,real
real/real_00744.png,real
real/real_00745.png,real
real/real_00746.png,real
real/real_00747.png,real
real/real_00748.png,real
real/real_00749.png,real
real/real_00750.png,real
real/real_00751.png,real
real/real_00752.png,real
real/real_00753.png,real
real/real_00754.png,real
real/real_00755.png,real
real/real_00756.png,real
real/real_00757.png,real
real/real_00758.png,real
real/real_00759.png,real
real/real_00760.png,real
real/real_00761.png,real
real/real_00762.png,real
real/real_00763.png,real
real/real_00764.png,real
real/real_00765.png,real
real/real_00766.png,real
real/real_00767.png,real
real/real_00768.png,real
real/real_00769.png,real
real/real_00770.png,real
real/real_00771.png,real
real/real_00772.png,real
real/real_00773.png,real
real/real_00774.png,real
real/real_00775.png,real
real/real_00776.png,real
real/real_00777.png,real
real/real_00778.png,real
real/real_00779.png,real
real/real_00780.png,real
real/real_00781.png,real
real/real_00782.png,real
real/real_00783.png,real
real/real_00784.png,real
real/real_00785.png,real
real/real_00786.png,real
real/real_00787.png,real
real/real_00788.png,real
real/real_00789.png,real
real/real_00790.png,real
real/real_00791.png,real
real/real_00792.png,real
real/real_00793.png,real
real/real_00794.png,real
real/real_00795.jpg,real
real/real_00796.png,real
real/real_00797.png,real
real/real_00798.png,real
real/real_00799.png,real
real/real_00800.png,real
real/real_00801.png,real
real/real_00802.png,real
real/real_00803.png,real
real/real_00804.png,real
real/real_00805.png,real
real/real_00806.png,real
real/real_00807.png,real
real/real_00808.png,real
real/real_00809.png,real
real/real_00810.png,real
real/real_00811.png,real
real/real_00812.png,real
real/real_00813.png,real
real/real_00814.png,real
real/real_00815.png,real
real/real_00816.png,real
real/real_00817.png,real
real/real_00818.png,real
real/real_00819.png,real
real/real_00820.png,real
real/real_00821.png,real
real/real_00822.png,real
real/real_00823.png,real
real/real_00824.png,real
real/real_00825.png,real
real/real_00826.png,real
real/real_00827.png,real
real/real_00828.png,real
real/real_00829.png,real
real/real_00830.png,real
real/real_00831.png,real
real/real_00832.png,real
real/real_00833.png,real
real/real_00834.png,real
real/real_00835.png,real
real/real_00836.png,real
real/real_00837.png,real
real/real_00838.png,real
real/real_00839.png,real
real/real_00840.png,real
real/real_00841.png,real
real/real_00842.png,real
real/real_00843.png,real
real/real_00844.png,real
real/real_00845.png,real
real/real_00846.png,real
real/real_00847.png,real
real/real_00848.png,real
real/real_00849.png,real
real/real_00850.png,real
real/real_00851.png,real
real/real_00852.png,real
real/real_00853.png,real
real/real_00854.png,real
real/real_00855.png,real
real/real_00856.jpg,real
real/real_00857.png,real
real/real_00858.png,real
real/real_00859.png,real
real/real_00860.png,real
real/real_00861.png,real
real/real_00862.png,real
real/real_00863.png,real
real/real_00864.png,real
real/real_00865.png,real
real/real_00866.png,real
real/real_00867.png,real
real/real_00868.png,real
real/real_00869.png,real
real/real_00870.png,real
real/real_00871.png,real
real/real_00872.png,real
real/real_00873.png,real
real/real_00874.png,real
real/real_00875.png,real
real/real_00876.png,real
real/real_00877.png,real
real/real_00878.png,real
real/real_00879.png,real
real/real_00880.png,real
real/real_00881.png,real
real/real_00882.png,real
real/real_00883.png,real
real/real_00884.png,real
real/real_00885.png,real
real/real_00886.png,real
real/real_00887.png,real
real/real_00888.png,real
real/real_00889.png,real
real/real_00890.png,real
real/real_00891.png,real
real/real_00892.png,real
real/real_00893.png,real
real/real_00894.png,real
real/real_00895.png,real
real/real_00896.png,real
real/real_00897.png,real
real/real_00898.png,real
real/real_00899.png,real
real/real_00900.png,real
real/real_00901.png,real
real/real_00902.png,real
real/real_00903.png,real
real/real_00904.png,real
real/real_00905.png,real
real/real_00906.png,real
real/real_00907.png,real
real/real_00908.png,real
real/real_00909.png,real
real/real_00910.png,real
real/real_00911.png,real
real/real_00912.png,real
real/real_00913.png,real
real/real_00914.png,real
real/real_00915.png,real
real/real_00916.png,real
real/real_00917.png,real
real/real_00918.png,real
real/real_00919.jpg,real
real/real_00920.png,real
real/real_00921.png,real
real/real_00922.png,real
real/real_00923.png,real
real/real_00924.png,real
real/real_00925.png,real
real/real_00926.png,real
real/real_00927.png,real
real/real_00928.png,real
real/real_00929.png,real
real/real_00930.png,real
real/real_00931.png,real
real/real_00932.png,real
real/real_00933.png,real
real/real_00934.png,real
real/real_00935.png,real
real/real_00936.png,real
real/real_00937.png,real
real/real_00938.png,real
real/real_00939.png,real
real/real_00940.png,real
real/real_00941.png,real
real/real_00942.png,real
real/real_00943.png,real
real/real_00944.png,real
real/real_00945.png,real
real/real_00946.png,real
real/real_00947.png,real
real/real_00948.png,real
real/real_00949.png,real
real/real_00950.png,real
real/real_00951.png,real
real/real_00952.png,real
real/real_00953.png,real
real/real_00954.png,real
real/real_00955.png,real
real/real_00956.png,real
real/real_00957.png,real
real/real_00958.png,real
real/real_00959.png,real
real/real_00960.png,real
real/real_00961.png,real
real/real_00962.png,real
real/real_00963.png,real
real/real_00964.png,real
real/real_00965.png,real
real/real_00966.png,real
real/real_00967.png,real
real/real_00968.png,real
real/real_00969.png,real
real/real_00970.png,real
real/real_00971.png,real
real/real_00972.png,real
real/real_00973.png,real
real/real_00974.png,real
real/real_00975.png,real
real/real_00976.jpg,real
real/real_00977.png,real
real/real_00978.png,real
real/real_00979.png,real
real/real_00980.png,real
real/real_00981.png,real
real/real_00982.png,real
real/real_00983.png,real
real/real_00984.png,real
real/real_00985.png,real
real/real_00986.png,real
real/real_00987.png,real
real/real_00988.png,real
real/real_00989.png,real
real/real_00990.png,real
real/real_00991.png,real
real/real_00992.png,real
real/real_00993.png,real
real/real_00994.png,real
real/real_00995.png,real
real/real_00996.png,real
real/real_00997.png,real
real/real_00998.png,real
real/real_00999.png,real
real/real_01000.png,real
real/real_01001.png,real
real/real_01002.png,real
real/real_01003.png,real
real/real_01004.png,real
real/real_01005.png,real
real/real_01006.png,real
real/real_01007.png,real
real/real_01008.png,real
real/real_01009.png,real
real/real_01010.png,real
real/real_01011.png,real
real/real_01012.png,real
real/real_01013.png,real
real/real_01014.png,real
real/real_01015.png,real
real/real_01016.png,real
real/real_01017.png,real
real/real_01018.png,real
real/real_01019.png,real
real/real_01020.png,real
real/real_01021.png,real
real/real_01022.png,real
real/real_01023.png,real
real/real_01024.png,real
real/real_01025.png,real
real/real_01026.png,real
real/real_01027.png,real
real/real_01028.png,real
real/real_01029.png,real
real/real_01030.png,real
real/real_01031.jpg,real
real/real_01032.png,real
real/real_01033.png,real
real/real_01034.png,real
real/real_01035.png,real
real/real_01036.png,real
real/real_01037.png,real
real/real_01038.png,real
real/real_01039.png,real
real/real_01040.png,real
real/real_01041.png,real
real/real_01042.png,real
real/real_01043.png,real
real/real_01044.png,real
real/real_01045.png,real
real/real_01046.png,real
real/real_01047.png,real
real/real_01048.png,real
real/real_01049.png,real
real/real_01050.png,real
real/real_01051.png,real
real/real_01052.png,real
real/real_01053.png,real
real/real_01054.png,real
real/real_01055.png,real
real/real_01056.png,real
real/real_01057.png,real
real/real_01058.png,real
real/real_01059.png,real
real/real_01060.png,real
real/real_01061.png,real
real/real_01062.png,real
real/real_01063.png,real
real/real_01064.png,real
real/real_01065.png,real
real/real_01066.png,real
real/real_01067.png,real
real/real_01068.png,real
real/real_01069.png,real
real/real_01070.png,real
real/real_01071.png,real
real/real_01072.png,real
real/real_01073.png,real
real/real_01074.png,real
real/real_01075.png,real
real/real_01076.png,real
real/real_01077.png,real
real/real_01078.png,real
real/real_01079.png,real
real/real_01080.png,real
real/real_01081.png,real
real/real_01082.png,real
real/real_01083.png,real
real/real_01084.png,real
real/real_01085.png,real
real/real_01086.png,real
real/real_01087.png,real
real/real_01088.png,real
real/real_01089.jpg,real
real/real_01090.png,real
real/real_01091.png,real
real/real_01092.png,real
real/real_01093.png,real
real/real_01094.png,real
real/real_01095.png,real
real/real_01096.png,real
real/real_01097.png,real
real/real_01098.png,real
real/real_01099.png,real
real/real_01100.png,real
real/real_01101.png,real
real/real_01102.png,real
real/real_01103.png,real
real/real_01104.png,real
real/real_01105.png,real
real/real_01106.png,real
real/real_01107.png,real
real/real_01108.png,real
real/real_01109.png,real
real/real_01110.png,real
real/real_01111.png,real
real/real_01112.png,real
real/real_01113.png,real
real/real_01114.png,real
real/real_01115.png,real
real/real_01116.png,real
real/real_01117.png,real
real/real_01118.png,real
real/real_01119.png,real
real/real_01120.png,real
real/real_01121.png,real
real/real_01122.png,real
real/real_01123.png,real
real/real_01124.png,real
real/real_01125.png,real
real/real_01126.png,real
real/real_01127.png,real
real/real_01128.png,real
real/real_01129.png,real
real/real_01130.png,real
real/real_01131.png,real
real/real_01132.png,real
real/real_01133.png,real
real/real_01134.png,real
real/real_01135.png,real
real/real_01136.png,real
real/real_01137.png,real
real/real_01138.png,real
real/real_01139.png,real
real/real_01140.png,real
real/real_01141.png,real
real/real_01142.png,real
real/real_01143.png,real
real/real_01144.png,real
real/real_01145.png,real
real/real_01146.png,real
real/real_01147.png,real
real/real_01148.png,real
real/real_01149.png,real
real/real_01150.png,real
real/real_01151.png,real
real/real_01152.png,real
real/real_01153.jpg,real
real/real_01154.png,real
real/real_01155.png,real
real/real_01156.png,real
real/real_01157.png,real
real/real_01158.png,real
real/real_01159.png,real
real/real_01160.png,real
real/real_01161.png,real
real/real_01162.png,real
real/real_01163.png,real
real/real_01164.png,real
real/real_01165.png,real
real/real_01166.png,real
real/real_01167.png,real
real/real_01168.png,real
real/real_01169.png,real
real/real_01170.png,real
real/real_01171.png,real
real/real_01172.png,real
real/real_01173.png,real
real/real_01174.png,real
real/real_01175.png,real
real/real_01176.png,real
real/real_01177.png,real
real/real_01178.png,real
real/real_01179.png,real
real/real_01180.png,real
real/real_01181.png,real
real/real_01182.png,real
real/real_01183.png,real
real/real_01184.png,real
real/real_01185.png,real
real/real_01186.png,real
real/real_01187.png,real
real/real_01188.png,real
real/real_01189.png,real
real/real_01190.png,real
real/real_01191.png,real
real/real_01192.png,real
real/real_01193.png,real
real/real_01194.png,real
real/real_01195.png,real
real/real_01196.png,real
real/real_01197.png,real
real/real_01198.png,real
real/real_01199.png,real
real/real_01200.png,real
real/real_01201.png,real
real/real_01202.png,real
real/real_01203.png,real
real/real_01204.png,real
real/real_01205.png,real
real/real_01206.png,real
real/real_01207.png,real
real/real_01208.png,real
real/real_01209.png,real
real/real_01210.jpg,real
real/real_01211.png,real
real/real_01212.png,real
real/real_01213.png,real
real/real_01214.png,real
real/real_01215.png,real
real/real_01216.png,real
real/real_01217.png,real
real/real_01218.png,real
real/real_01219.png,real
real/real_01220.png,real
real/real_01221.png,real
real/real_01222.png,real
real/real_01223.png,real
real/real_01224.png,real
real/real_01225.png,real
real/real_01226.png,real
real/real_01227.png,real
real/real_01228.png,real
real/real_01229.png,real
real/real_01230.png,real
real/real_01231.png,real
real/real_01232.png,real
real/real_01233.png,real
real/real_01234.png,real
real/real_01235.png,real
real/real_01236.png,real
real/real_01237.png,real
real/real_01238.png,real
real/real_01239.png,real
real/real_01240.png,real
real/real_01241.png,real
real/real_01242.png,real
real/real_01243.png,real
real/real_01244.png,real
real/real_01245.png,real
real/real_01246.png,real
real/real_01247.png,real
real/real_01248.png,real
real/real_01249.png,real
real/real_01250.png,real
real/real_01251.png,real
real/real_01252.png,real
real/real_01253.png,real
real/real_01254.png,real
real/real_01255.png,real
real/real_01256.png,real
real/real_01257.png,real
real/real_01258.png,real
real/real_01259.png,real
real/real_01260.png,real
real/real_01261.png,real
real/real_01262.png,real
real/real_01263.png,real
real/real_01264.png,real
real/real_01265.png,real
real/real_01266.png,real
real/real_01267.png,real
real/real_01268.jpg,real
real/real_01269.png,real
real/real_01270.png,real
real/real_01271.png,real
real/real_01272.png,real
real/real_01273.png,real
real/real_01274.png,real
real/real_01275.png,real
real/real_01276.png,real
real/real_01277.png,real
real/real_01278.png,real
real/real_01279.png,real
real/real_01280.png,real
real/real_01281.png,real
real/real_01282.png,real
real/real_01283.png,real
real/real_01284.png,real
real/real_01285.png,real
real/real_01286.png,real
real/real_01287.png,real
real/real_01288.png,real
real/real_01289.png,real
real/real_01290.png,real
real/real_01291.png,real
real/real_01292.png,real
real/real_01293.png,real
real/real_01294.png,real
real/real_01295.png,real
real/real_01296.png,real
real/real_01297.png,real
real/real_01298.png,real
real/real_01299.png,real
real/real_01300.png,real
real/real_01301.png,real
real/real_01302.png,real
real/real_01303.png,real
real/real_01304.png,real
real/real_01305.png,real
real/real_01306.png,real
real/real_01307.png,real
real/real_01308.png,real
real/real_01309.png,real
real/real_01310.png,real
real/real_01311.png,real
real/real_01312.png,real
real/real_01313.png,real
real/real_01314.png,real
real/real_01315.png,real
real/real_01316.png,real
real/real_01317.png,real
real/real_01318.png,real
real/real_01319.png,real
real/real_01320.png,real
real/real_01321.png,real
real/real_01322.png,real
real/real_01323.png,real
real/real_01324.png,real
real/real_01325.jpg,real
real/real_01326.png,real
real/real_01327.png,real
real/real_01328.png,real
real/real_01329.png,real
real/real_01330.png,real
real/real_01331.png,real
real/real_01332.png,real
real/real_01333.png,real
real/real_01334.png,real
real/real_01335.png,real
real/real_01336.png,real
real/real_01337.png,real
real/real_01338.png,real
real/real_01339.png,real
real/real_01340.png,real
real/real_01341.png,real
real/real_01342.png,real
real/real_01343.png,real
real/real_01344.png,real
real/real_01345.png,real
real/real_01346.png,real
real/real_01347.png,real
real/real_01348.png,real
real/real_01349.png,real
real/real_01350.png,real
real/real_01351.png,real
real/real_01352.png,real
real/real_01353.png,real
real/real_01354.png,real
real/real_01355.png,real
real/real_01356.png,real
real/real_01357.png,real
real/real_01358.png,real
real/real_01359.png,real
real/real_01360.png,real
real/real_01361.png,real
real/real_01362.png,real
real/real_01363.png,real
real/real_01364.png,real
real/real_01365.png,real
real/real_01366.png,real
real/real_01367.png,real
real/real_01368.png,real
real/real_01369.png,real
real/real_01370.png,real
real/real_01371.png,real
real/real_01372.png,real
real/real_01373.png,real
real/real_01374.png,real
real/real_01375.png,real
real/real_01376.png,real
real/real_01377.png,real
real/real_01378.png,real
real/real_01379.png,real
real/real_01380.png,real
real/real_01381.png,real
real/real_01382.png,real
real/real_01383.png,real
real/real_01384.png,real
real/real_01385.jpg,real
real/real_01386.png,real
real/real_01387.png,real
real/real_01388.png,real
real/real_01389.png,real
real/real_01390.png,real
real/real_01391.png,real
real/real_01392.png,real
real/real_01393.png,real
real/real_01394.png,real
real/real_01395.png,real
real/real_01396.png,real
real/real_01397.png,real
real/real_01398.png,real
real/real_01399.png,real
real/real_01400.png,real
real/real_01401.png,real
real/real_01402.png,real
real/real_01403.png,real
real/real_01404.png,real
real/real_01405.png,real
real/real_01406.png,real
real/real_01407.png,real
real/real_01408.png,real
real/real_01409.png,real
real/real_01410.png,real
real/real_01411.png,real
real/real_01412.png,real
real/real_01413.png,real
real/real_01414.png,real
real/real_01415.png,real
real/real_01416.png,real
real/real_01417.png,real
real/real_01418.png,real
real/real_01419.png,real
real/real_01420.png,real
real/real_01421.png,real
real/real_01422.png,real
real/real_01423.png,real
real/real_01424.png,real
real/real_01425.png,real
real/real_01426.png,real
real/real_01427.png,real
real/real_01428.png,real
real/real_01429.png,real
real/real_01430.png,real
real/real_01431.png,real
real/real_01432.png,real
real/real_01433.png,real
real/real_01434.png,real
real/real_01435.png,real
real/real_01436.png,real
real/real_01437.jpg,real
real/real_01438.png,real
real/real_01439.png,real
real/real_01440.png,real
real/real_01441.png,real
real/real_01442.png,real
real/real_01443.png,real
real/real_01444.jpg,real
real/real_01445.png,real
real/real_01446.png,real
real/real_01447.png,real
real/real_01448.png,real
real/real_01449.png,real
real/real_01450.png,real
real/real_01451.png,real
real/real_01452.png,real
real/real_01453.png,real
real/real_01454.png,real
real/real_01455.png,real
real/real_01456.png,real
real/real_01457.png,real
real/real_01458.png,real
real/real_01459.png,real
real/real_01460.png,real
real/real_01461.png,real
real/real_01462.png,real
real/real_01463.png,real
real/real_01464.png,real
real/real_01465.png,real
real/real_01466.png,real
real/real_01467.png,real
real/real_01468.png,real
real/real_01469.png,real
real/real_01470.png,real
real/real_01471.png,real
real/real_01472.png,real
real/real_01473.png,real
real/real_01474.png,real
real/real_01475.png,real
real/real_01476.png,real
real/real_01477.png,real
real/real_01478.png,real
real/real_01479.png,real
real/real_01480.png,real
real/real_01481.png,real
real/real_01482.png,real
real/real_01483.png,real
real/real_01484.png,real
real/real_01485.png,real
real/real_01486.png,real
real/real_01487.png,real
real/real_01488.png,real
real/real_01489.png,real
real/real_01490.png,real
real/real_01491.png,real
real/real_01492.png,real
real/real_01493.png,real
real/real_01494.png,real
real/real_01495.png,real
real/real_01496.png,real
real/real_01497.png,real
real/real_01498.png,real
real/real_01499.png,real
real/real_01500.png,real
real/real_01501.png,real
real/real_01502.png,real
real/real_01503.png,real
real/real_01504.png,real
real/real_01505.png,real
real/real_01506.png,real
real/real_01507.jpg,real
real/real_01508.png,real
real/real_01509.png,real
real/real_01510.png,real
real/real_01511.png,real
real/real_01512.png,real
real/real_01513.png,real
real/real_01514.png,real
real/real_01515.png,real
real/real_01516.png,real
real/real_01517.png,real
real/real_01518.png,real
real/real_01519.png,real
real/real_01520.png,real
real/real_01521.png,real
real/real_01522.png,real
real/real_01523.png,real
real/real_01524.png,real
real/real_01525.png,real
real/real_01526.png,real
real/real_01527.png,real
real/real_01528.png,real
real/real_01529.png,real
real/real_01530.png,real
real/real_01531.png,real
real/real_01532.png,real
real/real_01533.png,real
real/real_01534.png,real
real/real_01535.png,real
real/real_01536.png,real
real/real_01537.png,real
real/real_01538.png,real
real/real_01539.png,real
real/real_01540.png,real
real/real_01541.png,real
real/real_01542.png,real
real/real_01543.png,real
real/real_01544.png,real
real/real_01545.png,real
real/real_01546.png,real
real/real_01547.png,real
real/real_01548.png,real
real/real_01549.png,real
real/real_01550.png,real
real/real_01551.png,real
real/real_01552.png,real
real/real_01553.png,real
real/real_01554.png,real
real/real_01555.png,real
real/real_01556.png,real
real/real_01557.png,real
real/real_01558.png,real
real/real_01559.png,real
real/real_01560.png,real
real/real_01561.png,real
real/real_01562.png,real
real/real_01563.png,real
real/real_01564.png,real
real/real_01565.png,real
real/real_01566.jpg,real
real/real_01567.png,real
real/real_01568.png,real
real/real_01569.png,real
real/real_01570.png,real
real/real_01571.png,real
real/real_01572.png,real
real/real_01573.png,real
real/real_01574.png,real
real/real_01575.png,real
real/real_01576.png,real
real/real_01577.png,real
real/real_01578.png,real
real/real_01579.png,real
real/real_01580.png,real
real/real_01581.png,real
real/real_01582.png,real
real/real_01583.png,real
real/real_01584.png,real
real/real_01585.png,real
real/real_01586.png,real
real/real_01587.png,real
real/real_01588.png,real
real/real_01589.png,real
real/real_01590.png,real
real/real_01591.png,real
real/real_01592.png,real
real/real_01593.png,real
real/real_01594.png,real
real/real_01595.png,real
real/real_01596.png,real
real/real_01597.png,real
real/real_01598.png,real
real/real_01599.png,real
real/real_01600.png,real
real/real_01601.png,real
real/real_01602.png,real
real/real_01603.png,real
real/real_01604.png,real
real/real_01605.jpg,real
real/real_01606.png,real
